{"cameraMode":{"drawMode":0,"name":"Shaded","section":"Shading Mode"},"sceneLighting":true,"audioPlay":false,"sceneViewState":{"showFog":true,"showMaterialUpdate":false,"showSkybox":true,"showFlares":true,"showImageEffects":true,"showParticleSystems":true},"in2DMode":false,"pivot":{"x":-52.367774963378909,"y":318.87353515625,"z":901.7865600585938},"rotation":{"x":-0.05546164885163307,"y":-0.019173497334122659,"z":-0.001064731040969491,"w":0.9982851147651672},"size":641.981201171875,"orthographic":false}